,q,g
0,23682490235700656816573603487846600176989756322288658380187652564347791797422944974896330626803652405793966475477701315663292214096034741414668732120826669221916226057482992383375507457911568541726947712107514845530037211453135863642671478599481160002487186846318143817738920435947264428662457160505870324069450273851409211345284035752209120668937412852439939510437214368344478340193460072859608341362616311284200664911578363805962652426269027641989479239765196038909910755858945116367742809185526493977588012855023901586239630920513700601525796445255800220174084313530192056396791598445479947275587663400553968108623,2
1,26421665337495084657974286984918818718883546884841738001598981369946707142438675606171641014421694047561633548921010013778004692024676172756984632730073184678931420429021378379710027965248612917120663901097369948098817163583332331811019761181166755317023877196485499083188045866991303523200823499810212526842830205429148553267400407558007939803450368480366569489219046420925452184649436435864369008432094373036054107771941071445364962594995534408276469370904756349207940424856866657139682786264976102176353919264742647843068750397329782601756705778905635914554366092807011467038425107979745972007313719882981940981343,2
2,16747352841599570556730640650876979198091426537104099814139465902965712660864010171185386010171652214678913325834058035898956728289511800805079565274208958618407376189074462292224395026997504192094406784657153242324522878197380938565342316804933955020478241906304914027597235549235330611290397339169988636218757152124215375684419576814779663130706441287754859632004360890372783791226363131374816586217985673613420012102936241416984545440697691550111396160175521174709721183330360561991475750528698141619107131335385309114158940212151986362730166999681353821840561661715947982064137102038784805688247022527789645246783,2
3,22372368079026059261862716603650370106521499250861613639124936892519774167242092539175514667141272641825662645328534589691922728230780617498658416930994076816508063668074371093190576377449263179450053432383469961388965078515180452376447183894540052456707935069107228137630546560937510199768031438913912821495308576127183710891792820666065416017894128238245256683217708531146690336966680582987055650084199422662916529234946220430778218780841153266185242382933910802171953480137199490195280178568436067425564088931614282658677970806987954686441882668269515689485151365173717211833144214828024886557621969187932747315703,2
4,31675587537889026688465508537653667548998455746861642730584361861568855575967902438222294178847820175613675619057743759984731880365745956415512118774806986247162085208882936163723284548477203659067473578025896689318019355121116594240650913662258085245165661474793399714791416649501702656703132523669802385847004302450041218024358579622093154647268241584856469182110263298858763019533345003766109048200045577569424567906591076992091245974781600418243680585330538665471009552765441483700515735798797284535480516636641518242506827592446246590079830066223319204040629033464782920373487345190103089890043655490145854752263,2
5,26831544093159691973504398939120993953823768840165134009964809121007062760115114134368167944796287682475653531725264019548152089230942160878035988483334714946314418289835385022347391055284887551644482198372069430140944619745662129984209213134892800658745638472839522615247867795589156249005688898783732314657830947095918093887650101267197930815882644000372108290250189579546572460264508743125261711788924854844283096643279898216630297547669062296936898319999069646645261229520904177071721661031573983130101031832843983997919182762384341582861052630060973612773370069879316964263606110177562799281582372539296461166087,2
6,28297314599627642812868773278555825117537361779193058052721327877761659817223646483280393721006983004928796342974132146635120357565153589121259144062131915238175150919477795325728976444746188692966159883637471886014743201763359922231667915295377795102345999280964890425636233846295711721652251670780489297711594650096533850126319421041056822814440932634845439768033415941233909801675244845015267634771440405613211228000023826976735328160326409767380273381843504460430129865688776444611187991322902750830541775825538673362325675906137342011116106308940072316034215310047568904586034221666367052165069828919561651161719,2
7,27392912390048952704109313858117779089309012862667067625539150565706692028744766242853346377250483749549770837729357094671342171041344641883871231733825719909118070757480472415512135897390135441566668524299949944761641349086792997338122836973138799865297892413155417849335963617616132617432864242923960076575752157406618611039704888147171910549747717270611702443119096566155902275965438110936454199590845274810400465200222690022757931258265984177092528229307355011173888010537546168612798280826566949528921945920636765810391861843222224419976697093500406255515237913330693708497297274553735402190187425986539694079823,2
8,24001157867764498633896205965942660834585525778523042347745392754173692037850464763053314432574518586151846074146795017279916705350859872831346134913288245870839195390014799641385076826386222779447524515008738552270796180472263645245645241632637131364936277397263165840174324718627485931365049527275755896087745405044935133337727384688736048678972867539972720876806125819195861225167592111215400025289868224376743307086125725059265987732787521281293686382791524858236873279537172221124006980972100329210023468172344465285762549204198231091625706959743267852364173441129804012361799822980884416708711457629521348268343,2
9,25329889939767347765477277616210234843385061526715076914210843334368387013943133379544798732415215779159611003671698918873590209633400735343171865331959882417829047853656315127550329936273131720201543102450540420345945042136986211243766417987517755689725976870940201418569824422627140859475020317407381243160765751828776163811468984606423893907034443525814711909113899521967427124773830382347133690270097809449854319358512378495779781715276502581027700995745752725608535389306509766216299773998630236349797569742269963051664710525724716929939220987904528445301534751796663131064173651453039982490691153844274922305127,2
10,24306687714730937255591703883963911788701916908430434490919781692102095475676930320591071918699572905603465246163845036472755148318982575736493877738480133807065683578898272716182291531366898810524241679795445284256356443417968385147462789177045886416872267613542642260178549129929974457452319731591038842478514701918019588499139703866066839564517977641192704283179849150935389031937398622007085864580327442710425138811440658122300501873318447929028139246455138160057718933533073057755925852747812821362257415294409308448997127548148071718400564672139004340004609781809956768397582663554536109281180575434174742883943,2
11,16247701709264376056567184376695384230525896653962467289644197020908248296533150620196952413715519072578576879704325507194648720497329243779474841626504140756990846761261976762415039920827615716128969703126103074058495711324861052723323917212924982070675859786652258372457504724340320300673541079170439528097915020256319273081948787729644372225069391723587996047277388776274759406077874461906687094655368386744216538811885150433082479718495307692222954679299269994359581763305216697045456481589062174631721789298791453649342476363286953200312108281216925774151124261729560930513575319482773707288696688181658404759607,2
12,32288251318233111057838962174713158793710971233647940369290042923683906226052619895253265156219048209229109507965683734492644122773672456935123271186372142230426066437281171205146070127534130234748400291738503364803540337435398632428622037449991482564509120372669260241904665941680478608475405877486653094921317776307063698582146149719732413562298996028524671210837719599289621488109550675505607028548817186942286977429388035464238110728837790892006382173205152246909427806537878587505576341455371656687497468743603265007526505830070017671219753503665189074391806364309155368744325942654926302260387540159467097907767,2
13,27613376855853775020153363749902594265971753602108101299908204783036604081162166922023369621998666195169219480441075960858349150672401119147415855428957403663267898873551468903373977472288132137001416839211554094769131507030668680538480936572337966561040996679379101652272808437516692153565504828292585027724379161819714345207115440241794263650944787788283986002730505200939589836956089063796010695965487750740729628312916227989935822326357456846010446111326295896447243580860136116127906244725902307867183869574202261475553843640588716906465351499975730378634274633927565860098742842211351272130011476060317030152583,2
14,26287219126171643244397551782405259489174842264249664103624172917077414953630523894062409895774790333391122920782219475676733828444187854941989108593864322333308699480138673256448088176178149907733266072177902391193349188425923302032405098278340813195634952225470490144546540706868870115714679285310709872941892667083009754219073908865279514837152758985764088367415594428017142628028090799248485865048044343098532529271684667423369829776057605580862057545519094533387671628806757934713977860737236491254992661281748678651781032647142808653150225460356321398457918807219321198896480145695326743919119273909724462823519,2
15,17972944299417156529951230920485137249353493333107447848149575630162300349596565718767566194784491033982753360519147800245593606124127654348313444302629590704639017049855616883339197337690647918446575574124178035513301859613816701954718079487820668367309182150626137869678897880422563050540635239793654040692106127335704225628080987942140652639823036183343102285835081185010677734070924916134453614285152120151022852029094141539303862774263627330144609242221050874645296177764059543829554961783009303929655354149809594017505808428618684725313784053602766744443144121908829592391871580490251256847137983321998759679599,2
16,20330219295542783709890118179344845955718670062297769836604567420969265471408773331293534868931788988681692185322422101461421464793917323088816244564240411417825205906845435649288363023897286164697296917892729939589481999799196231879365902983520119193195166253850660390992452802759087925733455389214145019778804718825381441326311588377691315921560722517609891274687398512768541746796831218513363019236143545406224857363221088850564282168168253624706834812066372014943610078024537687949890595313462606925652159904003709419373616650375670569798310782879545558608996026092698464692586614750766973497640825973950040034919,2
17,22418495344705108849980107953732798679328014518357749885625166356102467260605013010010284222686902766685121563162532579032917385837719668696897234989069940440106238173323078977526904841045960180551574563985899694043573864761763965955328457042823374914051770230011798111283571945542739402714592169493088487920912667180399828096435234910657944841391671419993786845243388323919854803086954614633802927357182795765818707865583729537475362000421825217524336491150378338991714579870267174005075456715205124969340651258089375199864246907535351462095791048703401815630172723123096354111038742262207946779239975746140879575007,2
18,28932331556059877102675947552054556409863905134347152933421244613565369864432441221298832703239358055419901863882157720140945730717170493819130925931360221905051275903367976905601862611010352985986582000515429724432895190989522226620405426982822563126176916707208111676796423813975891904050730823597506916900455190097364150833147375165691576190128987294638183155899465967236725479964048158079958548801376996936248075088203225490370433080152007619466168347072646717168642677894514707441832556382459560945404021942998829301489630538050653481841287570389760953991591567989382103448235712796768574774989176523312535327687,2
19,28809868427222362411257432545736822860068223223084493015152303178105555829403466744135302067621509449752899349518382566435302872643293448785007607963838191079399227586703745154180409020533015928180334648036904422947644460621150426275360928465758522314061615881370786287330229206411584166435564254161323633710153689713233401850757034816332387850035206485606758842177411526634046027719174167027164682588312212679251579285066452452840359881543465696479488364049293574310949685153176574762713537069370517972128141939823875394272972840293340954470653880743833744793812026444658858141207190337883187503006173264865191130023,2
20,23684012114213386484167966626941289118552033839906507287355468023820011121391694594868615818823589981777907688238475705793044006926214670175719833305347690015659679772720728892763811558746800636117045202115357917530559473156791351271332519858238443565567287539321334311290314833796684820622928043624718100438920904861423007609916803381486451724520349708736037644421504047899774912425563933874290609753520233600458252257717835565805929739971290803625999016101955437597201200542706263564053614235526832155600845834516742323111969285335512055775104726136213414879560035246924707009901441966699353046868140308289529533863,2
21,28206146585511735190367431332164755514853791841046467593553890380877897081183722204579687735714188108624352880164917214659666223603972931210756869814262470301027945873082377406372124202364333902777532860634946450404160524062566992398166121343627694002787716580158482974001664757155609552242826297154477774882456861633214673174382441956656208525514639650131369893813287277176342912969078097835691070891081643891250693821108116673689522873683980749892710669908442144494306319800357466814303357755774667294957915640594216479618091745416834708000739446056593239538235384269651418833143748632145389966602623864705797564119,2
22,29182083725416846736792252858624260730552026978099235231166350423981937211731334435517678740260157056343351720924873363531540203487450518231878172142506442006680542346618872292078786321193950420938732239807668114661068259042015959668944761601057929236203305626806572054662435382758975273037786137808137404939792130942019749981708785392605558006154480863819179152840216561579641342173718251329995441534343564346134041708505184000271058977925107947854626238190256188483131253982870425419907904489509711278497827792142757490061609480804325423053075899053282504628164063378469668405258764303398745422915769609651023680527,2
23,19164882034049590313235865185219575387073309198171968886523934436840473408883844073870973589404449712724735676818961941661681651470941616277396933436102829127704750560512453564676312888940912662474797006091344847000876598866972265508659230938190197304741347209318088243735527011320916563399078927990557569002201073278619174935098400124246714437612607587926752136879541663553813417135891012093927030515142472873273189946978446898464417188942376721414191932890847801410262778646872620664299326705526806001413499776548133298183137883069089113835832982577612661055800967439950430637160600040142308565659070663500238708719,2
24,26251741662198052386496980163929539336436555370479371552107159156366281014272058629904956702622365308898450051644848281476850513161921527359155766875278012012469497071884572154444431408928469723883860867553806921893216955574582718992881793393541331649862305416308823882823709589431008130075627004031683374432685679764036643099901884320447863841890433105821340163332659580782256164227187718481796516197935225642373266466837505117238426214400470045315411686278352919859726169677058723664974096303057529659397765169304076518512510800109571795780992725135234862314346854697174224188350735468874064205144046001463240747887,2
25,24427201331741019501666755236172144292336476929472012013348067244934004424296083468946459845360187564051534071122677941720717261731958916167913516195900447956095790575656457088733772250576785151710415183999662179264119723387303178891774318729283976626113830612925726006631045572129419924682948472712849727580659301186193989569329564331887893345145488218769425125282410720867530553029588993030107044325551151011896263906334341286243900011953430680086474961145384205118467944399351490863186429550908615795377633410203385983275611548786650297828712446286226130857976431328948902551144568423589539530885473608467395306399,2
26,22513004420905249283509108832437513057049351956156756475256932929997231942477618574586749995110195865342144062822338060499152694462395665088126719716303592473255666650278816074787406419421578460584944827705308185028893103462209634841978101977062329933982897697978544459021434192793171131758558753659210838334544901233846498951976353788225847206376917352619385736147560783979937204507443441502316780399551688092892218621237146226722454427662724202530192994898817759767573832074272862520041349320335615849024146639025245135866602150315502125140940625636779538785549132313629799320674952310556689099114330717301911607559,2
27,17175665450507376147858877052773872716905061054418866817844806790984108628861583497955192138083341495173973192333358353453240951412962830287679823588576096789339548738731361275821963475978123744537849273467284633917543317204656881256536859516844043173595786427313778331297350795338096171253338304272531776859293079422460666621375798032926963856372703575242076243130870543535447339253452433863487913177498683370897236016414130818771752981130602129354976970628845993470402038545783295899049378205194336587723779254693534028055242480431491542034776708801848699979058671766139355039681126965681111686196219552157478820407,2
28,29727450403437720648642694350153148002124617386824077041391932366403291523424678278897351576312434975216439709822154378459362904213175300269018935501915400888199790987924484007949624327082586006983505871123330122542531406421439778268696074116165295151174694012910601702625098289204556090417239557238159605316434812877197660689798569105149978570437002367489791117941441078438627548852716598505646723882903212376583803384141831149064150911441729224527943164102600546298341615162127709964472225031914299593526511087621852035877930016417741613039399590004738062014061171591307623554814725390262023741446783226577628443439,2
29,22416721052043835295052142265691022043081595619936563026756626678201889213459155173479557092377942933937856219154728011165623353111929393870130592469427426957504570509842110350368187910834998771066059245678114570746518628009201972611668016299461366413894297456533637691398353426330414252663687904800033514775686151922578648734668011363041206444092753150492726457364678864670236435290973025625314028081790998044989867159393053714078750190700225636914025903477445622770602300079344456714310684135548197514051198302278676745598102604691291634969512833582855940580904370824657330887184181054173152326789691032263467887119,2
30,20670966187008365087995107484084353273594975439652742252921914742596460133130931041330744672606952448603555321713086874632638324600272566799124456165455295634133263232571230469657678109627425596332173200288757897076152990337888007070102816393656697562545984015892937072520354926777810229960016000817071095454391286764646906582238978950083505795835951543248302754926648709639307029682216380839762311182043509860479427043285513585797641798797091320482503647353921642228339506565991628672791355118433768964549573444678186534785084478996371775585311694802815646217957742995705235477623023561662123364658727307981289632647,2
31,25034744781660678188751415054878248662220691541020083726987393335138441300867962957865635216897068483937857461534330810866394800325856466798497181569309978794342539153844369869373597352663457196660701417748318664072301131547060762655605545316594379582072216802761170220620904925684688122446715851066711233301728066164644561713141088732380221393528654462325699400062145018046144934847646137279580867333654530854838357034562776775475677171129758580011610448340606761452051199573631220717753491348620933054651355062476146331389195585788944060566688853286173847283809029685948306337152926977899170180833265740131871565343,2
32,28763307852639288679623701669847732400097859586453037792715851013138684052848768020944712280057013494307779070473471930734112718518549549707734885744208279185413316978262756498151045395733701205131582606109394264185167355015059033263437619679506256261589732791789714811179741052145184437672005320558625009718046040424577013036969931984399337738751540914767645993383742106403882688599588810570392498818311915243327727971031261185396542148029860739276711303701450278698005397242187750467087154789527093546324883888389299876192232735859517360947358569897524521490929587282245003886646454107496341489398288838518611672103,2
33,16841495459640674441115386654734347564706047342933319433097960344401168029752214274199741333748467573798634819502578974455790415898879062797495569109096512868256169074404763790549386946935086816070172382341335397830364472357713670707446528955750476608588014702713193445332132545516726444033747759966735131694859889922273182153544409846078456360464270129935548321804868395852083681308437740782260317929735844117435944218651166956807925740916125939009629921071709424276695810695925092617389634998147910537464063568890167780302217386113047363973759754322370965484018957774356946310218472809954961784514795505655197393079,2
34,32107968741313750454915018863612249869497784064967810200969058695331571817177180964946712130733861152604292432189984274421850310880506838744811726741897668189691836826403720787325258779464477718068804012925376130097786572277172092858654029441755483954513275240265468773908553820375087807272485665445777965806112843923817170361808607194466753712062032346289096644232599176837422181714139609694460486439814608713064660235904502918698380955231909734626472374733955748228555490603853024886939802830460907416532011077516740460859504084199003792068746461800878088885331695143680833647051274594323467152123000008333256853447,2
35,21358818937224369044574468112110440044578519790575787589944723185227298200574236576381684929292214977665276633184430696197532585773616682211377738382795296638792112994043635886886137205704569797904434230266334400978434766929220005736824155991380841633782674340134437736135488736496921858628195907782693351763119326768632252179526217669763237732390602313197945051937849840507563687893132853956857466246562435736489334033260113956816553608920691213549004999362396197261042521198448032116507365327965581497570701424256525839024460249357013853916033340003523919900291290626131234415706161454491068984592414766767247498143,2
36,24693373089952540139503716977137540402801961650490336821412189862395922661553690188729728028706305328473260259569421578826676661140535023428770834666140973300117668653321767040055013883481402576758427244680938134967250395525098119381331311712419090575244116632275345132181921643951798415822203832881880817162222782793753613208869267515278617164527762547027427333197297277819462780078346359327631812485201396289223189310136351672943453266134985197521332404242409733825935338937910187170363854802536367290917471932768062960631063272936287972111043219552046534371466796247105611512229320278509023965016607064439878808583,2
37,20350061183240240986149077072434112941034700803346889651933797494991312847053821181464698323373880053510067554233579775958031407267843588163040693986368587224516139163055326287288495796819709119202161507287643110817113395845975203238043555200828245770242426231011138888190404485754759563027217378708819524366735337574820453276474500398894876281817297957268513287426208433655295663277037788816891373671393383508099840476212487241858902885280960550960012832053586613393794735121555676407936540515352681770357726807375506883250340573206974311015224813270794472041155842905477621466053040345003087314087847883864778434199,2
38,23452452477913095937877557299032801353925922562273262287745482031271665983702654430744971475354486303065063349535786101235950680360490690029013214659202256462544310394014556531591356244905604635960572213751875760183665574275238084075743892537972201497645293742651796499953274451429972291254307929973751706173303352130761260324344953858818931591881438386928736370968675249506450485963095362349481203706966766626309504696673435537816291387282929501332780129635099422012722031715745934286179682569351926281132438223971135072143760198415834784031324510136898119180557806891338449048756621322375345314194526688221870152399,2
39,28025907025197955321069861306165379415593352142351204309772397785243714707430243235161369625860469978373463707545511165683973629178491168961324177091313707117883578257839621825227719365607129083695768822251057556708665604891534809199152306040021410176303874497278911785125033700501766046657637820163168481855601749704081074752245118786260637323715386841671071401074411174522186670712910453017880621303538943995083667261589586288806426082884360532403253728557152859201525341881662338677691538712897628089541117655252734672625182234537670900101783132126489592972543931940919220755071916029632260744181763869114196499423,2
40,18770281115771158499822543457898055923380920164537301025876334003153278660135600585321310500536540943809698334081941205418298211907600698169856189689666100812162551532078409214750988607863467579425779164111471614810882644265794685690938781488484572076716606170870734217658639743848029522381237662705083760664470712080496914224505416682755497245736812431391998722454994566084501074087927667010453969192079492392213160834536537851129970634809229267635775685695131217083290608920871605693702341439977808121026640449373239186005325395765961729784215197821792786091197926023625927215383253438233293881001293667172675707807,2
41,24198977589127147660030347361284546956229700455688413240058215973217709778542886032524892588773906722498657002161516276638858586474123329962703425783260546467055536448803166871906415987258291415853909284612392367122730911480576039403187655117225887681027265336716535216323806083231699893173332937017170216100395593313248517604992736372155952596296852835765082049079961691594263476776685024402198046008357745349213521068345374623649242824663123397149015204007110702336951283039674503807291777360294429495667344668616506825649868950914086449318067266955196627002413712920662613762798004609943125554747151439972610688743,2
42,16206481912711339933543722920393810841735611548836598653460452175800187874434464171377616148991036756010118379646095689285923993153069072303149289714441866502632449264969824486033715528578227610739016574315041151334644502883969979156761149159951931380542705391492106998928805618485751272773797566808004085316355740628181000260546195263487847770992534424914805600385507526145043109981600587395075537263788076071396754282680417118574162657766109157696449930366153370130176942749807560827106698864183814104736278328873843263164103388713993457677791985497110168257866395240917452094810938391849256771172921468132220951727,2
43,25792271410003648844769165888571971243789753511568451924182806686009080885682546069146371678094497388715058120335690386598351831014372016990006078527150453861761873471320139633348176684180166599021422663538095809849753318055058651453846561712625449377236138465949994065687292902727949000455092133788582162015876202927803070343248170553123350065773537473625388604893643202229525978298717158949556654698855789041180589504319955390350936689314384766296948924006109046287511640123474069775562310913861232957025941195879822076028245581219800994757559168793461253592121655161216221218941475082840448266685367207921559727767,2
44,21864970751933869896864072129363177442977874297252358632534455314287876283159503206214100956416941068462672155094484966864122360850837210974875381363221704925951936065684990523744421811880946420926682530099176701765995983480136919456668186240917133802457374931785503908703135601760988421361446384589843460923724302527802235239354333231923878799631816632528394450749984028799662726895355003439299494102686077340800370164309846421642834300235451570430923157614637463632082611178149382033153570760140925278942637606208910458607213499306105271944852031949125101060919207210528609726793774587851455014506810060553945843103,2
45,16331245381153941998288251355620584169133809836635162153888023626622519824241028099227192326937218472857282277768115628965279294210963248914825725295762063878934819309473181940315688045222332668223489711725306219620103789515175785789835863965321161385321753704718082083046201965794378306581814891259201082824813618140583192436475833671761958773517678826219322520956361359639547463831835522814427813230299360867693442820954280886749197465151108860643591762919578031406067083580871327513376553717328355735587965319696832248731747583097977386938531583937654711893437285070881278223390950957845708998088424101498515222663,2
46,27888852908419433688525454176779046722733725452383119723576183442074881968999616001611919856896553136752889893210972544047904033965150357078854806223953251101651206888596374761997739743026166559021598091545670039588445915565363411208257905047965012784570322529321098297811712244148642997246692532533996324703799492267211110203641634280665351994376897439264125657172740305557999269375307869746447545505927729370943898108405367611350886875857410943284392592633804341228914592970954226884666198504036892197216077854635869396276739312766334596356820708330890730909697439199413507861399409673614818265649354868480969340463,2
47,19893400013641522809041289028275083417660330406440993493816912353417770323436939845566131429289844354538832759940780244384375472248634996903697753458356125157839810037597009886550045610123195516060716807253154453735507919843910321224186509517636057654776757364778020589002639849979847425363818417015731942693849684441632906856279454496927599607561593963165196562090431346603617818082190218864408530409730514699276201175367478711553329921949535153599234884036344171520537351254366576175791734812515687193550269588837777562696650453397088674144642512348792694795539823680233385398772099954259876157999411894577783373423,2
48,23965816474100897296341123555266665518419587393830115208460591079612612482294633606849573423516608689544143906145389908578124351160013758476566007176486609891774619853734486372383985480502044884397680309012442406265955399307294750179117022894747176457175492681853172741453657731264370830235560277848110813912574599351406326007390173933184264695672746647243619969216669677822643175677509383017191089637514299148408324807862968641918921206042184166782562270505076607820463354488960489939712211915615298604881456977354539084955660124706847838486756968262197137844020601266606408812194624932201378058129163167227537427439,2
49,19557931484828185460864127832999391219591720532200731323802346981981762261370057528101901354744334101587307304486183644486984408274913340026923519198489909681393456175063643244719152002338495370110500925736963776070613951813098619647634146504536630266755236304057864697445344486755793368983196430994623303747440720578377773185697132227737594903548200603027168025480815055274821559996851389177430785300982867065200512568727181036243810620562603547460746812986204593856271999851818738213359057677827590155278261547433267722701645728460337947516285693921770475167809239303592928524558629768183852375937205229178577185047,2
50,28953472181230335635660582068482221283061104170792699241050209834219805334376480933013018087862759186201534645913822777657234172573006118055235324526166188281589331428504516523532326368096247944151191581835367954348189444738742404472277191694891900363620539581719999841271824978251765809180038572664098440175228068221305249942828384450020681834616707125608679737509795249825795941515440785879362090496123030547572069517524559664919039396742587910421050004602998363586117932449738774996643014410337055372997049362482560935602528020990874257571761369259499409482930759918371993038456299774551709436903739243514032743999,2
51,16916692581408759774881753607472629467429788932715919955328073698741827203900236192985307930191642973347392660817069247245868495627599428977038924655383080228439230955212596995493114217001195915083051904289016261640424127785015921481887625170573433216359225798196339882937187627524551890026354571278440667384925702075423071054482991843366770070260809392536894623487590069334435001131244578863477605968848618288963147369906106566476758310654235075086174024292648452745207973385567334377971347273452748761220101172694966675720344717752795582176066261279456207186458519040120721916841476209463815352081730116716796351119,2
52,28420800327914762776383418044082026540373728615034862424607726521528166130084583702286729048801808430435701876571350673653370745968455791639239618817595880598698909438443658928679717947365904675509909442746088285375117505989695597905792418096573539412536173513305160555099772339145040022309738011988610888349837422150566579027840400728296082671330383394057657541765692103497628112212463865837665719767568105460871204690054540318049027577371571835742747616242295648803697998062013948374431010196994630077697461469661703535025516898177285035364559632069775407285305615719645599070130400688495103194212044505563058425079,2
53,27122805497711483541140588046138890124913017717833144748471183162082048258436995315362587504123461360465852768651045904468496128036157317122188740981603085383314193412117929040500018126838390207924953786661104593889884708286931221506097128802225260120624524894805013405175406748700787796761557500161969281131282790546905839573645948818790382825831527447769371419758260371685099099424117178385724719012173282114285705750200407992020148193034949058107668151943263537770287948019392927403513844554457920013913923073860283149535387293950930711941287473785339925712790996652220292459506255595072057283848555135768973159903,2
54,20727450757794931901291684823802288286048208813887290465765474356248385898403225521005790850082909179988406741026658166593701236671257864965204520512894692225096821978114558768778976354062261951662022129229919312094082728418189285780245354520539501455439248851027833278173628124786860092922614572220144680414047697778033936025522058252013295002540292834459347473905065392027618227604240161707010903210681969676531330816125168482007442365304019079323710026819880719800051491155634301515332783739072574286171812454438364795023263704555321874895252284392322444612702411157145317042036038525080834194908682265044986540663,2
55,18520785285620096682581596760753639927048070366647150817794206203140498747390909197553374419664672464741904404985600687435329174847162755277624101185661173637635426121366507400022469496649598600813419466022268374827590826115654154114630332706704662630267858876428291228870887436690478068419884993208221473919626548601286438448287314608795068647053132841644053882828919332996010744600632830888736617051747299251178884515561212539287678516761688758434198981578582935925357909409655500923387390498521424312291978784306477327717555301190471158705198367128912932636625033158662812184308596622130577063991543449198773566943,2
56,19435615628545277224721577041729007282188301426284682933598726622141287336973810003547534144221018256404062972566979421818990861293874365300236338774938905599521900885839282113873204248419924161064483705677800164425463988779704440454511177635525962657858330137211408474964674553585787750666113760524477870618567232459410963675533040072223664117027610944645404393429533866076648998744887588248086462974126093215924755860980579286786161389049634935295129698342084510153571583820962680197935644072976968834080448664315030799850822314785931160825433062029102699370200728124102203372003501017363798897705481812114441757119,2
57,19172042406453306239985299324391615675784906121139482384830681085709204102446310133592172241816921256818010018508726653710380338623855304976959561890143347833750460429297250308580893528050108437558032346991019245199792226190446772797610224077559691770939970130989257079143582187892962877090637295109078017674573517350079863317268451838093442665587309482255448426032726229003917815366527441042891257280940247161093828764239265363525107207264137908230118055018905377128295763933973896634007155580695608369715037412743818395453156981574585385250979076489723241230929350784500319416785132698979415708419994371793744867679,2
58,23978811073376808721507409374575136783832102493882816046559705118102199824724947223035434878057028048095337368958528917606124006033536766041763977950704049850818214058835276776432988800499770597915937611643682432888238731808995122820877555450702789265778218871809953849491931300452330623932922992901269808391963597715249115253202691539105131074614561683442018312599509184240502102942864804689439563590277407364062870912665991942210018390138622342993070527577975100304742350879966029025317019386452810552698471580953318416419232769879620929892703994084197212307821475641872689932914644087148926354311616325183209140383,2
59,17842679575212172253881942208482795566191315422566975701851770070702674625338084621550079136778989638100680066237859728458425266630277140614763649004428964595504483062553297426198239399575297433815971845173100666927159900553181008234534586877215086354313030091337645551688329452075576860053031069524899203188393334564145079749710273656373386180346892768805916275867977023485416367521046110532690202671028592523256826172457171704796645437749880637462787806204952447866137335379397562972341807737643198392758767499901275889602264190417885948708147202651884304191363931033518681168671341903873916388399642395392836295903,2
60,29129097582413234229792060786556169200546963783619878535434882441300915715968829243118077526116004336461094891941929837986797643999008630092604269747246194331460443130171272760382808522954520812623600615715722029067172906284497960960383761342468169336922466210557062183738505811581777304936360828399878137963742105501422371767692196170557205131483923138433056001538586249122600919204975226349261487926569368928887037071405619980415883412279858942815649428200982695381859275865139752452253115167783713130867677084247360529653789098114268625145173477226281199226778394861327806721457349918814964644679601923028873761607,2
61,21127901517297996307769199927160458335286632223254156778007417381086864140172163551462687782260876009966894280745469085021512377253999877199424166471417193678926698616688439887979691592269869984719225248368064966087811174301521566025252648808914548532768749334800273992051660567139414424143944152108973687511766643915569471506691203590368991895121910805259003045858245069893323985117832320402560624698388075916299841714202509172439293444923953595717977409563202100429395597943141964981120444108469948785911779793085133621537874026200747030496931627613887074800444123259809302218154526180584058696649375180195141010663,2
62,16438058253617258365268468524894665123264130060163751370556223269236144463808924082863720642094144881077839147363315573066289332364174551187381897877726117662404766044473853163581713982082964697088413197555672285267659099771931689963460149958858698600348907323116831953624388811033751771884388835077209291485578319262885989519514602026256816634727918819464703457339844367900432098330360542740898413820555109346952466981228651070709163801794431394511189217937079248876515408945026539052482006177861594470398537788495438097004560402931335490213996720968079439197922137866657847484715991661944674885388704413652358326063,2
63,24207179658205104816593136787104397833202453259390402431320792983670964229652850100630896172349676976441195322455892495298693741672503344544996854796451291420252542930560670986043205014581583362438854488829422981151488412273549957154197357002649811338582674017296411286985768691175837050380277802688040582698485573161360200161664418262369413625424261475455873152624538485099247324784644606418867833920783397655719525009889465172107992512417818160256796574602673907413576978395989514022602814328481111696669616876805353866553157324662221563566424135326537464720329520892867923152485061984032111196536267625744254929607,2
64,23601144790521694513239701185950225804041512841759026528475898503988437013383168379440385084000058984056517431959909013645757288424353851951757329041299600027078646176615651824133644243344008547517636483925705854129323950675908067201554415370103286015492193641008521924324213778393951205339873071982141178435619995941796840133244986529494872421383715662724377585628230217274295694796363555830256382824265025595399208668217030078610077058847601485940299759719393992815815199722042078309284399697013334967377454380580778799978944536837633900575087448856630575574123457267343902146781897717797974949532564716731854703767,2
65,19049140930036531152853787180454120178445462327837355522526860119895778512494497233643629875764398964226334756634205265813409046994961198876197405709433066093670013337694671470212294668378784220152183717069878934246302152218589993880895556542803605193976425866104097603255581151992996718816669969425894234441896740184314991284385288928265270567689543182970056752988556541687432167323158082329907500086655362705028365001428052466300845338319295177190855786579243020517383857694140440020700465822910322910767386518639039774553560704640937164165523489921425704329966124124633892803333047646589374651043499616797300316503,2
66,20088787086297186119915453904502670574624308359010965385801318837995288311500195522641831655937915130292691486073944166195572828157000010633926423161412313778072427095149590692692488492784699714876621621637150962179967425470850472019323196976808806409574867890375502959577473621738995467149767647584069163458128762048065941936164810646613004952219242708878255162366014218409270101388105444844019543076045557263149438904128231497880897412700664914963788416430862300824211874930034541088249416683777833098402538173638746853865953117926323356196232954326016434818334602773401013112854617922577648415111794635260596834263,2
67,17786477860475775491282705146567699148261651461325875061851063771639280490933307277731031818643552849121761293952868315753054532546870608175849940976099363646872470455805817716644347217886766831071038481427081295903215219074177887811632686326643032993239580108683369844249583526252155110570840915052217374125724428257685310708683034325896805138847656053905872043176638700808672875273293189851291250348370645203819104785315390270835373333126241714086119337475657515601378816385079254685230833400225544711352743964598300350345735460530120141974901708838232072803801195990459064125888049911831888611863916128641714670287,2
68,22871997101676164178860534669783572057540943789148847079439033803895470638227137147993979204286399015013339147707884062013879503767284106962496091926512176080289039891963926934919435303970811774235523945437769073265735136098311995027939761163399237112265660322122008191350734150032142149627822994599905383481894574962144419527774689463266520686120083986222228529199293795373602196221966316620083193493905932605483061652395931541220192162980636199479964839081419503478682038653757211511735470756154841933374128224359694092886748884759849158533761523484742313939764937435102407461490980506803078953329590308812016063919,2
69,27944581944864369263665436837194723304492124783890073957919661124172014172596892926357562406366223559186202688142545730974020021634821717881111479527499000011467673354166212416609787467960908014833535631296814759910894482825121145494028703953981399546850391850618779944205402632410914938672713835422226012331195555183074096436226791842465167440556091255819502850351033048616671219102633099400705947007523875799504904568472167337905843363923055937063984264554581746027254519855214322553735242997680755864255980734391055538081774135327069006035342354162825522191545890610730837655867585571329742079304769658050504379119,2
70,29146573060203167463779944581049934682631685515720319353872429331080391013672910745719657136983476316980518134770705799411937079660731604973651259409247848583422934975058978119158682060706144540923233300600366682533045080002828875003954330299116179714030535478099370536213349911063865573026623200194167286335226308798738276764658211886942884313111620159843230471095803478174041526848605249366066332875837398508765986343003053933418192084180377991657165149365136240368376672846513037750912510556087451254743832603628133685276597089978360254403519846687422585127243545184127581645074195656549037544666075344441345630959,2
71,24198160066338102332979734121537397394005823632315966665951176872994632767815227441866378995020138353229518491857256539356597835162387727202963443420466577596064741511818846291295229801889819834789087154815514029733912298302999962585034731001480737148155262913218746190374628341862306676815266505835330105211781355875686828293552253830547984655356373951687829930100920296319479374848220644017822829166568298833134219333292519916328104997338149065873931041911464457185307378014865017439818229377827533639201616117620578427613430690022490693489671995928986441825224262333329725640008177954056756835571117532121048730319,2
72,25439798405916224368959209368258031389255538852415802268419884699205904861945481668849319370302471456473399275459346368663682572359215196008929806525572577916266057069509107317661640748421390728061635259046458849984099650126790901564766469870271785017119149974186523952414076353913517747341227495756478986100083380575529743023850594721288433600302755852142767026458457071110773880086002874862143313573005081018886886261249918869062947198871530894902658464819467688646058680695710822867931201959115912092081930741971312188288941971921543857398363426240901771480899599320693650467358072394398418628112333625194800776863,2
73,29582474728969074912604289418218404242174752943602370503096131865200622394744301091410319246835638849658222210346979663307773845805430897844443300804790325671937961419187933087093917124827731186720238865282078183817577615809527083241395828476227970913483492329944228534208330308108412815426851605724584131487283246871170442341131817862302491102001420233978207078207093178403915912472484752770062433775859468403419571186968892391727627525786045452941807211516230094962831370774043542578342358459579965321584779642241872221230306925280747440127780198013551619433847422754557754167104728509058692062972542318846141969607,2
74,16875639323371555350010413700767764485610640217826167834596596529033340145835833883391256496970895183406180432867067880548041339875482518044453179343379040646956924091047145632433313969923943111100374903184855037476415552489780297635079596350669883437362454404201397145223534861921199669866389827554005948357008644717443987765015921797925927755375822701680900774523102220831675499171495304234872451465334359539533334319959349483106079123568925149137845093712307858349427751058632476864897855487669417944699439148188267420372064911179676678024820688714880810143860213851651706253729368740801662732909028335233778477199,2
75,19621918964550261278324272032922166893848249867430766509641402779654174158668368076519989826829230185305998008999351835079608265402836312349746626049386580797921122913107831075685161804914843637123073322468234292381028644731648978546675250707476948077187510355212942074011722713845057896069496555057575077411355728334860976671579513984564787354870941192635189747626638074672845882995163200774032184611426128097948569899242968692698789654416298213192476918688947393744249264797493089689109651480497713152907488023000047219238612199589206601319017072736984365901879532787259440912047601488557656292484279877730370007423,2
76,25143036622726469647377470567157393723378257608287715057013743084081277464197521230858727785889148133436653590992230039864313798469102377772445172445535700249209161588776132561864259421286654235339732875827771115010925563125056882610568699277511375597077357234509268115571505294927606906575393656990416466544750569676014387094776585663763902211611438037881730101775301604008637433742136319623295906782990944829627600214809532078692885619852118029139629787949089793988071678138968074614232651941823013435376532219384836692951909440249035658837229973659129383057314508108884385227967516239039842445136478654021203910607,2
77,23814543256660636825463977243800020392588946434030504669026927099867287579288824789117819370801674330202041439723420488406826137100678914397335227396229432986963841268215267328162446642744912397941647024785129896793363300405873038526897804011521029675981774263331733971011913692369513618842711510327226297471508011803593942051372089875661739694568924847494453921589731003295243709910055345438261275187325218492835767496470777491896496433772236792448541970023225892835038841011026434023334453496467572511133048964164591064295065510575132386409943569796498417515531161845134629175325848128950012290882641515916453366103,2
78,19885070453940981953340449058076855059883485691845861567809632936734261002513698038183504802401674706092396452340789079343966984779651438559972763437044353175510686477475394515776127759471450036981161642177681702539308205691392708350501556456285849623790638309337479374958737512878314709438726356299609138056375752961499941828235059839109036132539685584234376868227256191524585760874858681928408670224096033886620764406932672932585940841163529400489103234421981714837851818323701830779986960977527623244462969795782337920131772902703953260785135480074383431874745233872549181032845118664181606921190394857459924700199,2
79,20979807178231921033355929200666562241739116015102889855981358121331024850668046156953429489582389592137011485371888756664759806029402550035492779281169624261403143638758550941374738864540565440572242596896777862026653208809127454290521654930005425888292862351194193107382857092583178481779850714151502061227304945065241490295331239508838297536471563544487092338708248438647487381899353426597616986462442859689370568666246712401943695954279968960250566150095253569565814384135014978872776618313256797736086222564227721882261719331539076312638335383002976614314631139913969763018168760044664505249547725449816095906679,2
80,18712817774812452185314310303773027715801972531227704326314319788736665314736824655074877619183200291608653914419671482135888737490481010485673255125173854797050355280083904598938575017676841060149959855260907467068994711131220013079838090535325955193978943646206002802397900221493093843439648321615031326389498292196900529106136919736277128383038253923724766128914142937318276426675233458208694734464580915463124684676391652414686492689490673657811172029408206018126135251507224121021073172726011937836287223286926927535831983098061171059223589453560571965744622797731243614021382348015614456950518599817760075266679,2
81,25310594643722509536482357796968345735868643140309679243405673206999439004084012556035600859536328032356118701864276510486341270828375195725882125517927904101348660594382279436945668312394711870462898020449642219591830185550634665112974327339028648861755678429645693549094538513113874829291280022665975783784800574509214711422004413413502686577032653703721843051583911608391117937488761925641140290884286514509878269322888243850622674153067538981589904365804153931049947091460338734571136995376941528359031337673671891099164378810407626035258497129036906833648089089885105132502536500940369129925748793166994042393607,2
82,17404115141006379613909276664751188805177834777304644863844585826426393548713112720774035452630032065787900214891922919315993633595111320980205226210490490995395724861724141133236474732510495994384360570003672895199157585367604116008530211989042413506061375201678455518862915849157697531897647890526385840096537174874461477073122431882649969498151886448951748431066299843459898053011795660578372713021314844970750210014730057855693487585242435198342814242866600681568304283137791731419435060956708206580981066303259528222487931307888780793337855606945660786003616017403283036852441800760103561677929744323396319088639,2
83,29068866980291797674590568519562561651842022808563046491109282344193923539545459233651366971804953188319106023646200959451456515151061395718816172173519508436564599509936411208999397640145080995126819879647404399101283487753474731232030885954732332639823801035423332333390920699594597813412991736356444476022899731046292961372880020722468538581415717444717969340568001727303546262206829640003229480910309210458992924571181463162839102164587647064333402970239158491849047273349028735306971968112558146475241506374399808727174072675910537852158536967271505782838861345755638142500261938322063628369395449340899486021063,2
84,22700431693529904813214468223833259655389296065013417589633618416821912158892689634237590075281964309694920293921052661579646579817119513158644026878975862104395048117931541206805201439683774063942904766525612329847046494307815948432776598244910077328728228335878393391372442056082686001260761608865164746519855779705682064980214567232818173738782649042633146240084997262410714365029767179063685877398015345145155651749498428961949248268555279045254530200576822132494225086874472779333638212545653775276653193664187289417093289278741741333151249464725495211986707018217087393874135417528246097258137896377187272270239,2
85,26039003343671100577006782063909826413239759920276496798920210446391104205788073626046940976546349714568967431338679730532204085386399741840597980308597084283933030672767095700041512019125313252985509687907249572931941182264369626064505216603774405768587618748211727785281581490762552567197850052304878882221480836437116386943413512529768064819785914186458779720367889900829094077302895603174933636782067372827096933003831816465255950318236991334950728974097093311908061584340305035095902464892069532556253049080727621746380491425298706284940329654022157416055907274422730047078216344720046810337721084777618756061759,2
86,18957482902736066104541137666445233680593427989826956408351110073466062211134938451807842276151930805228984425182806205078961031863731635309152221664873280478665199871306443993925724158014069148769421292404538032974653450798538403339187026288488642109326729568335065861227194080706386830708927913908037706187461252515584848026077289948475929932737807977339484578525441280259828531417082562145334883522924300549750212651069840930222413550905279193948604187793574223745254862445702165999131819854289281176737113739457133055468136441730737704491045153295783474878677344516390904459454601720744703597747401970024655572863,2
87,18978606512003672955559405024631155589080654929321398678041230882812314805831810607984071313127689905367064327930382609781847479766828608408951932644449342835759509214427749383116726460440651158262964514471558368660103818606807040236784175780539719381370030510233432006022884165867109617480113284193374581694454718690113754809760664564125213670866826403043370274146088637156866975242781582563565874375357424707960396370798887664934913953467562252365524040478803958056847920097009448790653382317135577073754267797353362562983013717758718648809352350514677168614274285042705646914666217095735739384213516485459243737663,2
88,24944736101187677058203104105922929751177737106955572386472241550735187446563415668684729869291981984108005996537618836021448821541550984426173306050038050485724704983448533444566336800151835256350192677906734877564561090490226447997696854175894707927820560219297781675471691513771803095034209809904235769864666256467423993358376704956891286166582049652737494584334149308994623850143992968346384809605137624544563282256169355984511531641521345362671660100337386585760713955777407200226445708880948432280324946150763852588407017424092128956168814633505471956694108289288183560909420039305923615097758430923331482349319,2
89,27358105742092918321879123262750871857422390610362938530642360666972199441421424823018837365147458410723419419696358512356608226348801304358158588072391464837697751414882084838016615196275580062535177260655536177817671453215563752841795929597578140871681744266166605180559015051103692427306850033045115544662166393593837240091918696164162289578816690286181393845196862144497761127744686157936430416064809080026366887591394984114691404901591288267861018083056640038717343691042091161928111896167570685368285236917277895144686965689168190600693902207174478395812673996540632367022338096685640824361372591979757051414399,2
90,19093334546351505409894939277785396042243778015781998677910960211023313652124224982283644103060752064347977408174916803477093535448715835037655432723422931115551427303216566807837473586163297073464351244238449717581660777044860865645774600268161312169257393503523276731756592907969420418152955184407016636382063927630178986814917543956356331746233350382107248367497584124863854733719491945171885315758094137830293015917269400925270497320276418474875229171739469785081891571241581813252048767035386019107688261349388898171711694196116057378919085203618374502623922626593066892450984885605113382244607677578766754055543,2
91,20273496664234530143857245879814954556924784681329001020608722781688216154710539104731686426584648026063105052058578696405348435963703309592144191828271035558388911232114519517212308747589439961226259853119109785014503606110803207657559363103070053766833742423207829351601118570528209950035676779571192117172388265505039263610264827248775368486297225593771076695812350986368460502022877142423163473567882917951147589498998496811753653981246844390618824071156411534954261668334021601036389382031132834464660464173776992954199652077245639899191952718682392257790007817560708529498738724376793540548495014186141943346767,2
92,18896642997052721535210609352162198726090940829833534316335756752193022421591382231546518075266575485558017689561692050905081359314109828708162447405926971857736489881820330888457283869691461815621695060062586024662417252050650113910532229171143904245957443368256651440692682821129337703766323148627191531403478159648605114586409120211336249916375706066087218714103968175982968504027223629911298306448118680514158282404520436728162610311737977875892337889856286165963505294868930118049960450749797922117679410326175746718991945247724438121097661336313256014529272919975011994120688217652472202203621086809159002615319,2
93,25456199812677350310725274069737320037249072472899450803465796366304318131230002666612609319174746837349461763381539321740900032629123007247064874758301512360793288757282394292290150614195858676873522652920249214929562089292726925632300793216612718279778692344811163787942913974690652580613848386238178929574139244041271187692150708089645775825089918479574835567904036971202041743853001785641673067884730455654870966438238230471722473971052208199931392501867077672092555507643213308023669538674132194175374276678647777410361328313169094253517275213367254926420380478446763783563917955830806317532936767744731236779327,2
94,32228994954089177734437357220766393430609437109239854770431351037901323009388065175138308733114032971583813826045414814756164429379759330169742306407942657621164850544320158983703742119991033542048997828971232374685586334400088478295227088931766856769894014778332884011066248423434387430071830443110500710275278144981935335867856261790720934100742703511028741345871399044079811431603967098604151354183247219437637692967648532313447569726271091381262201840051499103645519499756424918255298587244082406114830991697008773159616835482669419982646355447298763443557170499340960392136980824092683128014189181827462650270167,2
95,23333847581014687856973111679980379597171559148203629113033129596681883851149240035638452005057974555837180245779480734536527965589638525891513490972305177474095812247974651259135770565508405520759854618122671888154750500523966455731597584443054051626066071322362985065690054303369316311699472548942151546127352850249952142935241955456827504937825331562511087457661812620965324429646829163332407073509938583968866890475216321984531383593715795482518699537909059768259167253361833374002846250603445362139244919528052438001367294998708496491240978822377854424387907673486290839016631509439971276039218166653191844202319,2
96,29679850344682879759031160983933931576631467883429612987871758451054231575931762656622279346351312785282694052032865015981910438618275168699815696295394256847911419034450386033144510128326833850185797860103863474725911239914561720897043901971565804112370013766802360709124092771853433966102875414678419090645095782578972224103017269418955450037285512586939401124374002813845938948866836784783173721422475654718129347470602046400715160525152929442456578730994664731607558185983398152558704247713446134891126468804673944005274904440709721001294417293403620921387271876126646559809540774252359242515073153965323446687319,2
97,22456304290120864828699487678837596862239275840446753831130778818871501545282353291494899189781950074911919706897589396114954636201367317772295515528333215759713558095711033831409503363595731073096331977546380630087310678796795553816116252668305171602996666400520148170331024877780144205749482162634665709741446954453292524216264846317628577013166506041857767212715218260336692757693383817791433395348104672288216051376378391060896275699886277633154219912893512443758191162155796574249500356102368401172037337353196040768839894102663496730125820768286371796084465740548772824670814254713952061187807074133092004277999,2
98,21648394362043047090828483759076737082516678691238575731617364271883912677207722254468615901013997175265464529591595847795078504628576134081452199936881005850970568465895991746555371252690768466737479662063859197956778369268252124045131669049885126778982368162154788952661148729453598970391099636739674788431488281869988902161333573514743303051009950099615886903528426315656654063878520902650517808964221189792707257329915030107195543300061881386215761334856302665251103580621621790757165089584170591947902179528545676924833896067962224172407073145899403841212588666222718628735535785177821676414647304089880426768927,2
99,20510997494876357187628837579808110949282263161510575516776419597292601823042735658377298433036902467243485371626409668996519621280505044794653874970661157694506066658223896148172640858628010630200196960451835484492677214352429760252697355506742238360111890715877465267077690079358859817216413546344722093227075236961596663261259812361835142817480663684022283065997675849275918688324272333916175721737594229747501543270995163239750753793901514643957064792209632964022962219602358956932852087859041046458137917225909632284652703470832732135553576007533795236639868451669137718159958004072026978100037863521383436126399,2
